INSERT INTO HILL(ID, NAME) VALUES(1000, 'Blidinje');
INSERT INTO HILL(ID, NAME) VALUES(1001, 'Velez');
INSERT INTO HILL(ID, NAME) VALUES(1002, 'Cvrsnica');

INSERT INTO UTILITY(UTILITY_ID, NAME) VALUES(1000, 'Voda');
INSERT INTO UTILITY(UTILITY_ID, NAME) VALUES(1001, 'Hrana');
INSERT INTO UTILITY(UTILITY_ID, NAME) VALUES(1002, 'Smjestaj');
INSERT INTO UTILITY(UTILITY_ID, NAME) VALUES(1003, 'Spavanje');

INSERT INTO MOUNTAIN_LODGE(LODGE_ID, NAME, IMAGE, HILL_ID, elevation) VALUES(1000, 'Hajducke vrleti', '', 1000, 1500);
INSERT INTO MOUNTAIN_LODGE(LODGE_ID, NAME, IMAGE, HILL_ID, elevation) VALUES(1001, 'Veleske vrleti', '', 1001, 1600);
INSERT INTO MOUNTAIN_LODGE(LODGE_ID, NAME, IMAGE, HILL_ID, elevation) VALUES(1002, 'Cvrsti san', '', 1002, 1700);
INSERT INTO MOUNTAIN_LODGE(LODGE_ID, NAME, IMAGE, HILL_ID, elevation) VALUES(1003, 'Cvrsci san', '', 1002, 1800);

INSERT INTO MOUNTAIN_LODGE_UTILITY(LODGE_ID, UTILITY_ID) VALUES(1000, 1000);
INSERT INTO MOUNTAIN_LODGE_UTILITY(LODGE_ID, UTILITY_ID) VALUES(1000, 1001);
INSERT INTO MOUNTAIN_LODGE_UTILITY(LODGE_ID, UTILITY_ID) VALUES(1000, 1002);
INSERT INTO MOUNTAIN_LODGE_UTILITY(LODGE_ID, UTILITY_ID) VALUES(1000, 1003);

INSERT INTO MOUNTAIN_LODGE_UTILITY(LODGE_ID, UTILITY_ID) VALUES(1001, 1000);
INSERT INTO MOUNTAIN_LODGE_UTILITY(LODGE_ID, UTILITY_ID) VALUES(1001, 1001);
INSERT INTO MOUNTAIN_LODGE_UTILITY(LODGE_ID, UTILITY_ID) VALUES(1002, 1002);
INSERT INTO MOUNTAIN_LODGE_UTILITY(LODGE_ID, UTILITY_ID) VALUES(1002, 1003);

INSERT INTO MOUNTAIN_LODGE_UTILITY(LODGE_ID, UTILITY_ID) VALUES(1003, 1000);
INSERT INTO MOUNTAIN_LODGE_UTILITY(LODGE_ID, UTILITY_ID) VALUES(1003, 1001);